uuid,human_content,human_content_transformed
5b5875b0-8083-4242-a5b0-6b391cf67b40,washington dc the pentagon has issued an indefinite hold order to all military air wings and airlines to immediately stop spraying chemtrails until it can be determined how the covid-19 virus found its way into the chemtrail fluid supply. according to an unofficial pentagon source speaking on the condition of anonymity the entire chemtrail program is on hold until we can figure out who coughed onto a batch of chemicals being manufactured at one of our suppliers factories. news of this.,washington dc the pentagon issued an indefinite are holding order to all military air wings and airlines to immediately stop spraying chemtrails until the thing can be determined how the covid-19 virus find its way into the chemtrail fluid supply. according to an unofficial pentagon source speaking on the condition of anonymity the entire chemtrail program is on hold until we can figure out who-all cough onto a batch of chemicals being manufactured at one of our suppliers factories. news of this.
3b98043a-9e45-4707-bc30-52ee570f99f8,it looks like nothing was found at this location. maybe try a search.,the thing is looking like nothing was found at no location. maybe are trying a search.
d29cc300-5ee0-4bda-a700-6ea54b1b4ead,people of color may be immune to the coronavirus because of melanin pavel daryl kem senou a cameroonian student in china became the first african person known to be infected with the deadly coronavirus and the first to recover. some sources are claiming that black and brown people resists the coronavirus because of superior genetics. is there truth to this. this claim started because the first african to be infected with the coronavirus pavel daryl kem senou responded well to medical tre.,people of color may be immune to the coronavirus because of melanin pavel daryl kem senou a cameroonian student in china become the first african person knew to be infected with the deadly coronavirus and the first to recover. some sources are claiming that black and brown people are resisting the coronavirus because of superior genetics. is there truth to this. this claim start because the first african to be infected with the coronavirus pavel daryl kem senou respond well to medical tre.
5a82a056-7cf3-4069-8955-621ce61f5923,pope francis has tested positive for coronavirus after he fell ill in italy and was forced to cancel a religious retreat near rome. the pontiff was down with a heavy cold during his visit to italy which made him cancel his lent retreat. the first results for covid-19 came back negative and second came positive according to italian newspaper il messaggero this morning. the roman catholic leader 83 who had part of one lung removed because of an illness decades ago also cancelled most audie.,pope francis tested like positive for coronavirus after he falled ill in italy and was forced to cancel a religious retreat near rome. the pontiff was down with a heavy cold during his visit to italy maked him is canceling his lent retreat. the first results for covid-19 comed back like negative and second comed like positive according to italian newspaper il messaggero this morning. the roman catholic leader 83 had part of one lung removed because of an illness decades ago also canceled most audie.
b723045d-cc71-4e88-9f01-b5554627cede,speaker robin vos r rochester and senate majority leader scott fitzgerald r juneau released the following statement after filing an original action in the wisconsin state supreme court challenging the governors extension of the safer at home order through may 26th. the public outcry over the safer at home order continues to increase as positive covid cases decrease or remain flat. there s immense frustration regarding the extension as it goes beyond the executive branchs statutory power.,speaker robin vos r rochester and senate majority leader scott fitzgerald r juneau release the following statement after filing an original action in the wisconsin state supreme court challenging the governors extension of the safer at home order through may 26th. the public outcry over the safer at home order continues to increase as positive covid cases decrease or remain flat. there is immense frustration regarding the extension as it goes beyond the executive branchs statutory power.
d207b736-aa9a-4c16-a885-8ce1b13210f9,thumbs up to the scientist in the united states of america as they finally found vaccine to cure corona virus. the president of the united states of america will officially make the announcement about the vaccine to cure the virus on sunday. roche medical company will launch the vaccine on sunday. the virus who trump called the chinese virus will finally be a thing of the past as the americans have showed once again why they are world power. the vaccine is said to be an injection which after a.,thumbs up to the scientist in the united states of america as they finally finded vaccine to cure corona virus. the president of the united states of america will officially make the announcement about the vaccine to cure the virus on sunday. roche medical company will launch the vaccine on sunday. the virus trump called the chinese virus will finally be a thing of the past as the americans is showed once why they are world power. the vaccine is said to be an injection which after a.
7b06208b-0133-42c6-a378-24b801a243d9,copyright 2020 by ronpaul institute. permission to reprint in whole or in part is gladly granted provided full credit and a live link are given.,copyright 2020 by ronpaul institute. permission to reprint in whole or in part is gladly granted provided full credit and a live link are given.
67947bf0-2d8d-4937-89b5-71c08fd758e1,just over three months ago a high level pandemic exercise entitled event 201 was held in new york city. on october 18th the johns hopkins center for health security in conjunction with the world economic forum and the bill melinda gates foundation brought together 15 leaders of business government and public health to simulate a scenario in which a coronavirus pandemic was ravaging the planet. the current coronavirus outbreak that originated in china did not begin until december an.,just over three months ago a high level pandemic exercise entitled event 201 was held in new york city. on october 18th the johns hopkins center for health security in conjunction with the world economic forum and the bill melinda gates foundation bring together 15 leaders of business government and public health to simulate a scenario in which a coronavirus was ravaging the planet. the current coronavirus outbreak originate in china is not beginning until december an.
705dfcf4-99ff-42a0-a08f-af510e2726bd,if you are the site owner or you manage this site please whitelist your ip or if you think this block is an error please open a support ticket and make sure to include the block details displayed in the box below so we can assist you in troubleshooting the issue ..,if y'all are the site owner or y'all are managing this site please are whitelisting your ip or if y'all are thinking this block is an error please are opening a support ticket and are making like sure to include the block details displayed in the box below so she can assist y'all in troubleshooting the issue ..
e23d3325-d874-495a-809c-1cad7170575f,united kingdom- queen elizabeth ii has tested positive for the novel coronavirus buckingham palace confirmed in a shocking release a few minutes after prime minister boris johnson revealed he tested positive for coronavirus. news of the queen testing positive for covid-19 does not come as a surprise since there was a possibility that she could have been exposed by the virus during one of her weekly meetings with prime minister boris johnson who tested positive an hour ago. buckingham palace r.,united kingdom- queen elizabeth ii is tested positive for the novel coronavirus buckingham palace confirm in a shocking release a few minutes after prime minister boris johnson reveal he test like positive for coronavirus. news of the queen testing positive for covid-19 is not coming as no surprise since there was a possibility that she could have been exposed by the virus during one of her weekly meetings with prime minister boris johnson test positive an hour ago. buckingham palace r.
06fb005f-f0a7-4e2b-ba8f-1535f69d3dbc,the page that you are looking for does not exist on this website. you may have accidentally mistype the page address or followed an expired link. anyway we will help you get back on track. why not try to search for the page you were looking for.,the page that y'all are looking it for is not existing on no website. y'all may have accidentally mistype the page address or follow an expired link. anyway she will help y'all get back on track. why not are tryna search for the page y'all was looking it for.
6a2c00bc-c045-4e74-83e2-c049d45baf95,the medical community strongly advises the population to get a flu shot to help combat the epidemic of this coronavirus. honestly i never made any sense to me. it is two different types of viruses. so not now the flu shot works for all viruses. concerningly the latest research shows that getting the flu vaccine increases the risk of getting the coronavirus by 36. influenza vaccination and respiratory virus interference among department of defense personnel during the 2017 2018 influen.,the medical community strongly is advising the population to get a flu shot to help are combating the epidemic of this coronavirus. honestly i never maked no sense to him. he is two different types of viruses. so not now the flu shot is working for no viruses. concerningly the latest research is showing that getting the flu vaccine is increasing the risk of getting the coronavirus by 36. influenza vaccination and respiratory virus interference among department of defense personnel during the 2017 2018 influen.
632e7093-0d40-46d4-aa5b-2e157b3a6d1a,governor andrew cuomo is considering a temporary six week ban on the sale of combustible cigarettes in order to reduce the states coronavirus death count a source familiar with his thinking tells the chronicle. the ban could come as soon as monday and is expected to be included in a budget measure already scheduled to be announced. new data out of italy suggest that the nations whopping coronavirus death rate now approaching 10 of those who test positive is highly correlated to cigarett.,governor andrew cuomo is considering a temporary six week ban on the sale of combustible cigarettes in order to reduce the states coronavirus death count a source familiar with his thinking tells the chronicle. the ban could come as soon as monday and is expected to be included in a budget measure already scheduled to be announced. new data out of italy suggest that the nations whopping coronavirus death rate now approaching 10 of them who test positive is highly correlated to cigarett.
2740b893-4c51-4179-b9d6-7e4110e0d401,no one knows why the democrats hate senior citizens so much. they do everything that they can to screw our nations retirees trying to screw them out of social security screw them out of medicare and now they want to screw them out of their stimulus checks. nancy pelosi and her colleagues have been endlessly stalling the stimulus bill. they filled it was so much pork that all that was left for the people was 1200 each. had it not been for all of her additions we would have been entitled t.,no one knows why the democrats hate senior citizens so much. they do everything that they can to screw our nations retirees tryna screw them out of social security screwed them out of medicare and now they want to screw them out of their stimulus checks. nancy pelosi and her colleagues have been endlessly stalling the stimulus bill. they fill he was so much pork that all that was left for the people was 1200 each. is it ain't for all of her additions we would have been entitled t.
cb1636fe-8ee2-442c-96c1-a3d933230ef2,prolific acting legend tom hanks passed away suddenly this morning. the cause of his death has not been released. hanks enjoyed a long and successful career. he was well liked by all those in the hollywood community and his movies were always well received by the public even the really crappy ones like castaway. his body of work will live on for decades to come. for the past several years hanks had been been very vocal with his opposition to president trump. he often called the president.,prolific acting legend tom hanks pass away suddenly this morning. the cause of his death has not been released. hanks enjoy a long and successful career. he was well liked by all them in the hollywood community and his movies was always well received by the public even the real crappy ones like castaway. his body of work will live on for decades to come. for the past several years hanks had been like very vocal with his opposition to president trump. he often call the president.
aab1f99a-0fee-40b2-b72e-5d7c9567d7f8,hannity laura and the whole gang over at fox news are in for a maga surprise. it has just been announced that they are winning one of the most coveted awards in journalism the pulitzer. oh the liberal media is going to be kicking dirt about this one. this accolade is specific to their fair and balanced coverage of the crisis. the network has been on the ball through this entire ordeal making sure the public is educated on the dangers of the current crisis. joe barron chairman of the.,hannity laura and the whole gang over at fox news are in for a maga surprise. he has just been announced that they are winning one of the most coveted awards in journalism the pulitzer. oh the liberal media is finna be kicking dirt about this one. this accolade is specific to their fair and balanced coverage of the crisis. the network is been on the ball through this entire ordeal making sure the public is educated on the dangers of the current crisis. joe barron chairman of the.
dd51d588-653b-4ba0-8038-37b1b10ee46a,president of the united states of america.,president of the united states of america.
d8ca71be-5645-416f-b202-3c6a23968e1a,result of the best guidance of cdc.,result of the best guidance of cdc.
f23c9a09-5c4b-4d61-8705-bb1c9d5679f8,when it comes to novel coronavirus safety the centers for disease control and prevention has some suggestions about facial hair. hair should not cross the respirator seal the cdc said. cnn as fears grow about the spread of novel coronavirus there s increasing demand for facial masks. but there s something that can interfere with how effective those are and that s facial hair. side whiskers soul patches lampshades and handlebar moustaches are good to go according to a 2017 centers f.,when the thing comes to novel coronavirus safety the centers for disease control and prevention has some suggestions about facial hair. hair should not cross respirator no seal the say. cnn as fears grow about the spread of novel coronavirus there is increasing demand for facial masks. but there is something can interfere with how effective them are and that s facial hair. side whiskers soul patches lampshades and handlebar moustaches are good to go according to a 2017 centers f.
15b113c5-f5eb-4a84-a0d2-c4e7a787002b,"earlier this week i reported on the cover up by the chinese government of outbreak of the coronavirus. now this. bill holter of jsmineset is reporting a friend of his states a chinese friend and resident of wuhan told him they have 10,000 dead. city falling apart. and while these reports are unconfirmed we know the most reliable sources are from people on the ground. the least reliable are state or government sources. the coronavirus in china is spreading and largely could have been prevent. ","earlier this week she report on the cover up by the chinese government of outbreak of the coronavirus. now this. bill holter of jsmineset is reporting a friend of his states a chinese friend and resident of wuhan tell him they have 10,000 dead. city falling apart. and while these reports are unconfirmed she are knowing the most reliable sources are from people on the ground. the least reliable are state or government sources. it is and largely could have been prevent that the coronavirus in china is spreading ."
c47e29ff-9927-4124-9974-077f176477af,earlier today it was rumoured that queen elizabeth ii had tested positive for the novel coronavirus while many uk media outlets have kept silent. in a new press release the buckingham palace has confirmed that the queen of the united kingdom has indeed tested positive. the 93-year old could have come into contact with british prime minister boris johnson who tested positive yesterday. the royal palace said in the statement hmq has also tested positive and is currently self isolating at wi.,earlier today he was rumoured that queen elizabeth ii had tested positive for the novel coronavirus while many uk media outlets have kept silent. in a new press release the buckingham palace has confirmed that the queen of the united kingdom has indeed tested positive. the 93-year old could have come into contact with british prime minister boris johnson test positive yesterday. the royal palace say in the statement hmq has also tested positive and is currently self isolating at wi.
942fa220-8d96-4ef8-8577-a64851455327,bernie on coronavirus casualties may be even higher than what armed forces experienced in ww ii vermont senator bernie sanders weighed in on the ongoing coronavirus outbreak across the united states this week telling reporters the casualties could be higher than what the armed forces experienced in the second world war. in terms of potential deathsthe crisis we face is on a scale of a major warwe also have to face the truth and that is that the number of casualties may actually be e.,bernie on coronavirus casualties may be like even higher than what armed forces experienced in ww ii vermont senator bernie sanders weigh in on the ongoing coronavirus outbreak across the united states this week telling reporters the casualties could be like higher than what the armed forces experienced in the second world war. in terms of potential deathsthe crisis are facing is on a scale of a major warwe also gotta face the truth and that is that the number of casualties may actually be e.
de7bba0c-cac8-4d08-836d-cf1afbd0f587,when you register you agree to our terms of use and privacy policy.,when y'all register y'all agree to our terms of use and privacy policy.
6facabd7-36a3-4972-b6bd-f7a94fa9ce8f,"ron johnson americans should go back to work because death is an unavoidable part of life "". ","ron johnson americans should go back to work because death is an unavoidable part of life ""."
3554e83b-8c63-40ba-a4da-4ecd9903d795,zambian health ministry has in a statement on wednesday morning that 10 more people all zambians have tested positive for the coronavirus. the statement said the government is finding ways to deal with the issue. the cases which were confirmed on the 4th march 2020 are the second to be reported in zambia since the outbreak in china in january 2020. the cases involved ten zambians who came into contact with others who had returned from italy. they fell ill on the 1st march and were transf.,zambian health ministry has in a statement on wednesday morning that 10 more people all zambians have tested positive for the coronavirus. the statement say the government is finding ways to deal with the issue. the cases which was confirmed them on the 4th march 2020 are the second to be reported in zambia since the outbreak in china in january 2020. the cases involve ten zambians come into contact with others had returned from italy. they fall ill on the 1st march and was like transf.
88707902-21bc-4d2b-bf48-237ba1de09d9,"iranian deputy minister of health alireza raisi said on tuesday that the total number of people with coronavirus infection has reached 2,500 and some 200 people have died and 435 others have recovered. out of the infected 23 are lawmakers representing eight percent of the 290-seat parliament members alireza raisi according to the islamic republic news agency irna said there are 835 new cases of coronavirus infections on tuesday of which 50 have died. gilan qom and tehran are at the top. ","iranian deputy minister of health alireza raisi say on tuesday that the total number of people with coronavirus infection is reached 2,500 and some 200 people is died and 435 others is recovered. out of the infected 23 are lawmakers representing eight percent of the 290-seat parliament members alireza raisi according to the islamic republic news agency irna say there is 835 new cases of coronavirus infections on tuesday of which 50 is died. gilan qom and tehran are at the top."
092d9bb5-e41b-4fea-9226-46a717d9a7d8,the vatican has confirmed in a statement that pope francis and two of his aides have tested positive for the novel coronavirus. the three new cases add up to the over 400 cases confirmed in italy under a week. pope francis missed a planned mass with clergy in rome yesterday after showing coronavirus like symptoms. the vatican had earlier said the pontiff 83 had a slight indisposition and could proceed with the rest of his planned work today. the pope and his aides have been quarantined and.,the vatican confirmed in a statement that pope francis and two of his aides tested positive for the novel coronavirus. the three new cases add up to the over 400 cases confirmed in italy under a week. pope francis miss a planned mass with clergy in rome yesterday after showing coronavirus like symptoms. the vatican had earlier said the pontiff 83 had a slight indisposition and could proceed with the rest of his planned work today. the pope and his aides have been quarantined and.
600baa30-b025-4593-bbde-b6e24e288a54,this account is under investigation or was found in violation of the medium rules. there are thousands of stories to read on medium. visit our homepage to find one that s right for you.,this account is under investigation or was found in violation of the medium rules. there is thousands of stories to read on medium. are visiting our homepage to find one that is ssing like right for y'all.
f4a41995-fd95-4341-a8b4-45eb41be843f,a new data intercepted by the united states reveals that 21 million people died in china from december 2019 to march 2020 us intelligence officials conclude in a classified report for the trump administration. the intelligence report stated that at least 20.9 million of the deaths were linked to coronavirus. according to the us the intercepted data that shows that china underreported its coronavirus infections and deaths was validated for a second time when it tallied with a data released by.,a new data intercepted by the united states reveals that 21 million people died in china from december 2019 to march 2020 us intelligence officials conclude in a classified report for the trump administration. the intelligence report stated that at least 20.9 million of the deaths was linked to coronavirus. according to the us the intercepted data shows that china underreported its coronavirus infections and deaths was validated for a second time when tallied it with a data released by.
31bc71d1-6cbe-497d-9071-64fa0b3fa512,elisa granato the first volunteer who availed herself in oxford for a jab in the first europe human trial of a vaccine to protect against the coronavirus pandemic has died. she died two days after the vaccine was administered authorities have said and added that an investigation into the cause of the death has been initiated. a statement by the researchers said elisa had complications few hours after taking the vaccine and died while on admission. elisa granato who is a scientist was one.,elisa granato the first volunteer who avail herself in oxford for a jab in the first europe human trial of a vaccine to protect against the coronavirus pandemic died. she die two days after the vaccine was administered authorities have said and add that an investigation into the cause of the death has been initiated. a statement by the researchers say elisa had complications few hours after taking the vaccine and die while on admission. elisa granato who is a scientist was one.
bad0ae70-2573-4787-aee6-8471656d349e,students of the department of pharmaceutical chemistry of the kwame nkrumah university of science and technology knust have successfully created and tested a coronavirus vaccine. the 8-mmeber medical student team from knust completed works on the vaccine last week but travelled to ivory coast when the first case of coronavirus was reported in the country this weekend. the students told the press that two of them were in china on an exchange program when the first case of the virus infection w.,students of the department of pharmaceutical chemistry of the kwame nkrumah university of science and technology knust is created and tested a coronavirus vaccine. the 8-mmeber medical student team from knust completed works on the vaccine last week but traveled to ivory coast when the first case of coronavirus was reported in the country this weekend. the students telled the press that two of them was in china on an exchange program when the first case of the virus infection w.
900b13a9-c9e6-44c2-b436-a67bac0aa70b,the corrupt and dishonest liberal media is slamming trump for not doing anything over the overblown coronavirus but obama did far less and the media gave him a pass over the dreaded swine flu in 2009. h1n1 was a big deal but obama did nt know what the hell he was doing in april of 2009 the h1n1 became a pandemic. but it was nt until six months later october that then president obama declared a public health emergency on what was already a pandemic. by that time the disease had infec.,the corrupt and dishonest liberal media is slamming trump for not doing anything over the overblown coronavirus but obama did far less and the media give him a pass over the dreaded swine flu in 2009. h1n1 was a big deal but obama did nt know what the hell was doing it in april of 2009 the h1n1 become a pandemic. but the thing was nt until six months later october that then president obama declare a public health emergency on what-all was already a pandemic. by that time the disease had infec.
4f3fc1c8-a73d-421d-961f-ce286b5c2cc3,"for reason 432,234 not to pretend to be the wrong gender which no one in the history of the world has ever transitioned you might want to consider the latest health updates that suggest transgender people are more susceptible to the coronavirus. take the dress of tom you re going to catch the flu. according to reuters more than 100 lgbt rights groups on wednesday called on public health officials to address the heightened vulnerability of gay and trans people to the coronavirus warn. ","for reason 432,234 to pretend to ain't the wrong gender which no one in the history of the world ever transitioned y'all might want to consider the most late health updates is suggesting transgender people are more susceptible to the coronavirus. are taking the dress of tom y'all re going to catch the flu. according to reuters more than 100 lgbt rights groups on wednesday call on public health officials to address the heightened vulnerability of gay and trans people to the coronavirus are warning."
5804d143-4b0b-4181-aa70-c27e2da40cdf,bill gates the microsoft founder who is currently worth approximately 102 billion dollars is spending a fortune on eugenics and sterilization around the world. for gates vaccines seem to be his solution for the greatest problem in his view that existspeople. as you can see in the video below gates lauds vaccines as a way to limit the human population. notice that after claiming the earth must see a zero co2 impact from humanity by limiting services to zero gates claims that part o.,bill gates the microsoft founder is currently like worth approximately 102 billion dollars is spending a fortune on eugenics and sterilization around the world. for gates vaccines seem to be his solution for the greatest problem in his view that existspeople. as y'all can see in the video below gates lauds vaccines as a way to limit the human population. notice that after claiming the earth must see a zero co2 impact from humanity by limiting services to zero gates claims that part o.
3bcf210d-579b-4d07-b95f-a7df67dff1cf,with masks in short supply many people are being forced to re use masks. that means the idea of microwaving masks has gone from a crazy sounding idea to a critically practical question. another reason this question is critical smart air tests found that washing n95 masks with soap and water cut particle capture effectiveness by 21. other tests found that even just dipping in alcohol no rubbing involved harmed performance. to get to the bottom of it smart air was dumb enough to test it by.,with masks in short supply many people are being forced to are ring use masks. that is meaning the idea of microwaving masks is went from a crazy sounding idea to a critically practical question. another reason this question is critical smart air tests find that washing n95 masks with soap and water cut particle capture effectiveness by 21. other tests find that even just dipping in alcohol no rubbing involved harmed performance. to get to the bottom of the thing smart air was dumb enough to test the thing by.
ff023a7a-41c3-43fe-9b9d-0d57c3e2bc45,ronaldo turning his cr7 hotels into hospitals to help stop coronavirus juventus forward cristiano ronaldo is doing his best to help others during the coronavirus crisis. after travelling to portugal in the wake of his mother maria dolores aveiro suffering a stroke the 35-year old has remained in his native country in order to self isolate. the decision comes after his juventus teammate daniele rugani tested positive for coronavirus and was photographed with most of the squad just days.,ronaldo turning his cr7 hotels into hospitals to help are stopping coronavirus juventus forward cristiano ronaldo is doing his most good to help others during the coronavirus crisis. after travelling to are portugaling in the wake of his mother maria is doloring aveiro suffering a stroke the 35-year is remained in his native country in order to self isolate. the decision is coming after his juventus teammate daniele rugani test positive for coronavirus and was photographed with most of the squad just days.
6c37fd11-8f6e-461e-ac2c-a7eb9eaec13e,crazed democrat michigan governor gretchen whitmer prohibited big box retailers from in person sale of seeds because according to her food is non essential. crisis gardens or victory gardens were always encouraged during a time of war or a time of crisis to supplement rations and boost morale. but the tyrannical governor of michigan barred grocery stores and brick and mortar retailers from selling vegetable seeds. in late march michigan democrat governor gretchen whitmer limited access o.,crazed democrat michigan governor gretchen whitmer prohibit big box retailers from in person sale of seeds because according to her food is like non essential. crisis gardens or victory gardens was always encouraged during a time of war or a time of crisis to supplement rations and boost morale. but the tyrannical governor of michigan bar grocery stores and brick and mortar retailers from selling vegetable seeds. in late march michigan democrat governor gretchen whitmer limited access o.
cc42bb9a-bbca-4b6f-b003-bfda57ed7ee1,an asian man wearing a surgical mask passed out yesterday in the middle of a crowded street in queens. the man was rushed to the hospital where according to social media reports he is believed to have died. the mans cause of death has not yet been determined but plenty of people suspect that he may have died of the coronavirus. as the video shows officers quickly arrived on the scene but seemed unwilling to physically assist the man perhaps out of fear. unfortunately new york city.,an asian man wearing a surgical mask pass out yesterday in the middle of a crowded street in queens. the man was rushed to the hospital where according to social media reports he is believed to have died. the mans cause of death has not yet been determined but plenty of people is suspecting that he may have died of the coronavirus. as the video is showing officers quick arrive on the scene but seem unwilling to physically assist the man perhaps out of fear. unfortunately new york city.
3d1c7ded-9e33-4ace-99f0-0c08bfb3618a,british backpacker grace millane was strangled to death crammed into a suitcase and buried in a new zealand woodland after a tinder date in december 2018. on thursday her killer a 28-year old man was sentenced to life imprisonment with minimum 17 year non parole period. the courts of new zealand said in a statement overall the circumstances of the murder showed a high level of callousness including the intimate nature of the murder itself. in his november 2019 trial the prosecuti.,british backpacker grace millane was strangled to death crammed into a suitcase and buried in a new zealand woodland after a tinder date in december 2018. on thursday her killer a 28-year old man was sentenced to life imprisonment with minimum 17 year non parole are perioding. the courts of new zealand say in a statement overall the circumstances of the murder show a high level of callousness including the intimate nature of the murder her. in his november 2019 trial the prosecuti.
1e595f82-e639-423a-afb0-89f17ff3702f,alexxis lemire wiki alexxis lemire bio alexxis lemire is an american actress who is one of the emerging netflix actresses of the future. she was born ....,It is  that alexxis lemire wiki alexxis lemire is bioing alexxis lemire is an american actress who is one of the emerging netflix actresses of the future. she was born ....
d7abe82f-a982-4624-80b9-2195f244d126,belgium health minister maggie de block has put a ban on all non essential sexual activities of persons 3 or greater in indoor areas. health minister de block announced today that effective immediately non essential sexual activities of 3 people or more are banned in belgium to combat the spread of covid-19. de block said she was forced to act swiftly because of belgiums reputation as being the beer drinking and group sex capital of europe. health minister de block did not ban single.,belgium health minister maggie de block put a ban on all non essential sexual activities of persons 3 or greater in indoor areas. health minister de block announce today that effective immediately non essential sexual activities of 3 people or more are banned in belgium to combat the spread of covid-19. de block say she was forced to act swiftly because of belgiums reputation as being the beer drinking and group sex capital of europe. health minister de block is not banning single.
c4278785-23d3-449c-bef7-43436712b259,chinese health authorities have confirmed the identity of the patient zero from whom the first case of coronavirus has originated. yin dao tang 24 from the province of hubei is the first case of the novel coronavirus that emerged on november 17 according to chinese government data. tang is believed to have contracted the disease after indulging in sexual acts with several animals including bats. chinese officials have warned to temporarily abstain from having sexual contact with any anim.,chinese health authorities is confirmed the identity of the patient zero from whom the first of coronavirus is originated. yin dao tang 24 from the province of hubei is the first case of the novel coronavirus emerge on november 17 according to chinese government data. tang is believed to have contracted the disease after indulging in sexual acts with several animals including bats. chinese officials is warned to temporarily abstain from having sexual contact with any anim.
65ede104-078f-463b-b048-b2cb873c1236,can any government statistics on covid-19 deaths be trusted. it is an open question now that we are learning that the highly respected world class centers for disease control and prevention cdc has been lying to us. this revelation comes a few days after i wrote here at american thinker that new york city was lying about covid-19 deaths. the normal rules about reporting deaths have been violated by that city in the rush to inflate the body count presumably to steer more taxpayer money to t.,can any government statistics on covid-19 deaths be trusted. it is an open question now that we are learning that the highly respected world class centers for disease control and prevention cdc has been lying to us. this revelation is coming a few days after i write here at american are thinkering that new york city was lying about covid-19 deaths. the normal rules about reporting deaths have been violated by that city in the rush to inflate the body are counting presumably to steer more taxpayer money to t.
c17c4a1a-0d58-45db-b363-515f8b1334c4,after 20 years the cast away sequel the world has been waiting for has finally arrived. just like the first smash hit the next cast away film will feature tom hanks stranded on a south pacific island except this time the island is australia. the news breaks after it was confirmed tom hanks and his wife rita wilsons have been taken into a gold coast hospital after being diagnosed with covid-19. the hollywood star was working on a baz lurhmann film about elvis on the gold coast. the celeb.,after 20 years the cast away is sequeling the world has been waiting for has finally arrived. just like the first smash hitted the next cast away film will feature tom hanks stranded on a south pacific island except this time the is australia. the news are breaking after she was confirmed tom hanks and his wife rita wilsons have been took into a gold coast hospital after being diagnosed with covid-19. the hollywood star was working on a baz lurhmann film about elvis on the gold coast. the celeb.
